{
  "a_mean": [
    -0.7063055634498596,
    4.522636890411377,
    -2.2428197860717773
  ],
  "a_std": [
    10.897432327270508,
    7.855932235717773,
    8.403979301452637
  ],
  "g_mean": [
    -0.8184449672698975,
    -0.1465373933315277,
    -0.019980069249868393
  ],
  "g_std": [
    2.2867980003356934,
    2.4230422973632812,
    2.3677592277526855
  ],
  "target_rows": 20,
  "accel_features": [
    "ax",
    "ay",
    "az"
  ],
  "gyro_features": [
    "gx",
    "gy",
    "gz"
  ]
}